{
  "logreg": {
    "accuracy": 0.7373168164521091,
    "precision": 0.20809068219633944,
    "recall": 0.8013616339607529,
    "f1": 0.3303888384380418,
    "roc_auc": 0.8382971336008946,
    "threshold": 0.5
  },
  "rf": {
    "accuracy": 0.8581977167840661,
    "precision": 0.2643706950532248,
    "recall": 0.4227072486984381,
    "f1": 0.32529470683411665,
    "roc_auc": 0.7997953880873818,
    "threshold": 0.2
  },
  "xgb": {
    "accuracy": 0.7412517205084609,
    "precision": 0.20751903722242931,
    "recall": 0.7803364036844213,
    "f1": 0.3278509233163673,
    "roc_auc": 0.832299312371583,
    "threshold": 0.5
  }
}